children,charge
0,318918.09933
1,240105.65707
2,85306.88140
3,84367.71013
