region,charge
southeast,221086.73678
northwest,199810.63455
southwest,156722.34300
northeast,151078.63360
