sex,sum(charges)
male,370668.32253
female,358030.02540
