smoker,charge
yes,401899.82565
no,326798.52228
